{"cameraMode":{"drawMode":0,"name":"Shaded","section":"Shading Mode"},"sceneLighting":true,"audioPlay":false,"sceneViewState":{"m_AlwaysRefresh":false,"showFog":true,"showSkybox":true,"showFlares":true,"showImageEffects":true,"showParticleSystems":true,"showVisualEffectGraphs":true,"m_FxEnabled":true},"in2DMode":false,"pivot":{"x":4.932163238525391,"y":14.104851722717286,"z":14.928398132324219},"rotation":{"x":0.020212680101394655,"y":0.9485053420066834,"z":-0.3100127577781677,"w":0.06184687465429306},"size":10.61575698852539,"orthographic":false}